{"polyfill":["/polyfill-334271fe1db4eee9b348.js"],"app":["/app-c5d884651f1f6eab6bdb.js"],"component---src-pages-404-js":["/component---src-pages-404-js-882d304e14c261bae533.js"],"component---src-pages-activated-account-js":["/component---src-pages-activated-account-js-99c628f25872a7d50123.js"],"component---src-pages-api-authenticate-js":["/component---src-pages-api-authenticate-js-0a5bc53658db442cdcff.js"],"component---src-pages-app-profile-js":["/component---src-pages-app-profile-js-905f80ee3eae928888b9.js"],"component---src-pages-changed-password-js":["/component---src-pages-changed-password-js-927b29a00e58f1601425.js"],"component---src-pages-check-mail-js":["/component---src-pages-check-mail-js-478d08dbf329842ad493.js"],"component---src-pages-index-js":["/component---src-pages-index-js-644c70dd1497366ae7e3.js"],"component---src-pages-register-js":["/component---src-pages-register-js-95493e1a103a59187f62.js"],"component---src-pages-registered-js":["/component---src-pages-registered-js-b32f1420ff688bfaaa13.js"],"component---src-pages-remind-password-js":["/component---src-pages-remind-password-js-bc61c2524a6d2529d88b.js"],"component---src-pages-reset-password-js":["/component---src-pages-reset-password-js-f4950e3d54b802bda108.js"],"component---src-pages-settings-js":["/component---src-pages-settings-js-cc85bc1ee5f07ba640ca.js"],"component---src-pages-using-typescript-tsx":["/component---src-pages-using-typescript-tsx-15ae339f936f0f05ddaf.js"]}