{"errors":[],"warnings":[],"namedChunkGroups":{"polyfill":{"chunks":[5,21],"assets":["webpack-runtime-40a62fbe89e4c2b82687.js","webpack-runtime-40a62fbe89e4c2b82687.js.map","polyfill-334271fe1db4eee9b348.js","polyfill-334271fe1db4eee9b348.js.map"],"children":{},"childAssets":{}},"app":{"chunks":[5,20,6],"assets":["webpack-runtime-40a62fbe89e4c2b82687.js","webpack-runtime-40a62fbe89e4c2b82687.js.map","framework-aad5b025b9e173e1e8c7.js","framework-aad5b025b9e173e1e8c7.js.map","app-c5d884651f1f6eab6bdb.js","app-c5d884651f1f6eab6bdb.js.map"],"children":{},"childAssets":{}},"component---src-pages-404-js":{"chunks":[1,0,7],"assets":["styles.5aac242282844b029b3c.css","styles-e9d24b1846c7d6eb9685.js","styles-e9d24b1846c7d6eb9685.js.map","commons-327cafa3dd0f7af8533a.js","commons-327cafa3dd0f7af8533a.js.map","component---src-pages-404-js-882d304e14c261bae533.js","component---src-pages-404-js-882d304e14c261bae533.js.map"],"children":{},"childAssets":{}},"component---src-pages-activated-account-js":{"chunks":[1,0,2,8],"assets":["styles.5aac242282844b029b3c.css","styles-e9d24b1846c7d6eb9685.js","styles-e9d24b1846c7d6eb9685.js.map","commons-327cafa3dd0f7af8533a.js","commons-327cafa3dd0f7af8533a.js.map","cc4770696be70ff31c918c7c3761947ab504679b-8d1e48908d0ab9bca9b3.js","cc4770696be70ff31c918c7c3761947ab504679b-8d1e48908d0ab9bca9b3.js.map","component---src-pages-activated-account-js-99c628f25872a7d50123.js","component---src-pages-activated-account-js-99c628f25872a7d50123.js.map"],"children":{},"childAssets":{}},"component---src-pages-api-authenticate-js":{"chunks":[1,4,0,2,3,9],"assets":["styles.5aac242282844b029b3c.css","styles-e9d24b1846c7d6eb9685.js","styles-e9d24b1846c7d6eb9685.js.map","cb1608f2-8a3ebd0eb5ad821ce6cc.js","cb1608f2-8a3ebd0eb5ad821ce6cc.js.map","commons-327cafa3dd0f7af8533a.js","commons-327cafa3dd0f7af8533a.js.map","cc4770696be70ff31c918c7c3761947ab504679b-8d1e48908d0ab9bca9b3.js","cc4770696be70ff31c918c7c3761947ab504679b-8d1e48908d0ab9bca9b3.js.map","65f22d928ceb26b755ec5b32e519f616ae65d8e4-92c3c2779e282caf19c0.js","65f22d928ceb26b755ec5b32e519f616ae65d8e4-92c3c2779e282caf19c0.js.map","component---src-pages-api-authenticate-js-0a5bc53658db442cdcff.js","component---src-pages-api-authenticate-js-0a5bc53658db442cdcff.js.map"],"children":{},"childAssets":{}},"component---src-pages-app-profile-js":{"chunks":[1,0,2,10],"assets":["styles.5aac242282844b029b3c.css","styles-e9d24b1846c7d6eb9685.js","styles-e9d24b1846c7d6eb9685.js.map","commons-327cafa3dd0f7af8533a.js","commons-327cafa3dd0f7af8533a.js.map","cc4770696be70ff31c918c7c3761947ab504679b-8d1e48908d0ab9bca9b3.js","cc4770696be70ff31c918c7c3761947ab504679b-8d1e48908d0ab9bca9b3.js.map","component---src-pages-app-profile-js-905f80ee3eae928888b9.js","component---src-pages-app-profile-js-905f80ee3eae928888b9.js.map"],"children":{},"childAssets":{}},"component---src-pages-changed-password-js":{"chunks":[1,0,2,11],"assets":["styles.5aac242282844b029b3c.css","styles-e9d24b1846c7d6eb9685.js","styles-e9d24b1846c7d6eb9685.js.map","commons-327cafa3dd0f7af8533a.js","commons-327cafa3dd0f7af8533a.js.map","cc4770696be70ff31c918c7c3761947ab504679b-8d1e48908d0ab9bca9b3.js","cc4770696be70ff31c918c7c3761947ab504679b-8d1e48908d0ab9bca9b3.js.map","component---src-pages-changed-password-js-927b29a00e58f1601425.js","component---src-pages-changed-password-js-927b29a00e58f1601425.js.map"],"children":{},"childAssets":{}},"component---src-pages-check-mail-js":{"chunks":[1,0,2,12],"assets":["styles.5aac242282844b029b3c.css","styles-e9d24b1846c7d6eb9685.js","styles-e9d24b1846c7d6eb9685.js.map","commons-327cafa3dd0f7af8533a.js","commons-327cafa3dd0f7af8533a.js.map","cc4770696be70ff31c918c7c3761947ab504679b-8d1e48908d0ab9bca9b3.js","cc4770696be70ff31c918c7c3761947ab504679b-8d1e48908d0ab9bca9b3.js.map","component---src-pages-check-mail-js-478d08dbf329842ad493.js","component---src-pages-check-mail-js-478d08dbf329842ad493.js.map"],"children":{},"childAssets":{}},"component---src-pages-index-js":{"chunks":[1,0,2,13],"assets":["styles.5aac242282844b029b3c.css","styles-e9d24b1846c7d6eb9685.js","styles-e9d24b1846c7d6eb9685.js.map","commons-327cafa3dd0f7af8533a.js","commons-327cafa3dd0f7af8533a.js.map","cc4770696be70ff31c918c7c3761947ab504679b-8d1e48908d0ab9bca9b3.js","cc4770696be70ff31c918c7c3761947ab504679b-8d1e48908d0ab9bca9b3.js.map","component---src-pages-index-js-644c70dd1497366ae7e3.js","component---src-pages-index-js-644c70dd1497366ae7e3.js.map"],"children":{},"childAssets":{}},"component---src-pages-register-js":{"chunks":[1,4,0,2,3,14],"assets":["styles.5aac242282844b029b3c.css","styles-e9d24b1846c7d6eb9685.js","styles-e9d24b1846c7d6eb9685.js.map","cb1608f2-8a3ebd0eb5ad821ce6cc.js","cb1608f2-8a3ebd0eb5ad821ce6cc.js.map","commons-327cafa3dd0f7af8533a.js","commons-327cafa3dd0f7af8533a.js.map","cc4770696be70ff31c918c7c3761947ab504679b-8d1e48908d0ab9bca9b3.js","cc4770696be70ff31c918c7c3761947ab504679b-8d1e48908d0ab9bca9b3.js.map","65f22d928ceb26b755ec5b32e519f616ae65d8e4-92c3c2779e282caf19c0.js","65f22d928ceb26b755ec5b32e519f616ae65d8e4-92c3c2779e282caf19c0.js.map","component---src-pages-register-js-95493e1a103a59187f62.js","component---src-pages-register-js-95493e1a103a59187f62.js.map"],"children":{},"childAssets":{}},"component---src-pages-registered-js":{"chunks":[1,0,2,15],"assets":["styles.5aac242282844b029b3c.css","styles-e9d24b1846c7d6eb9685.js","styles-e9d24b1846c7d6eb9685.js.map","commons-327cafa3dd0f7af8533a.js","commons-327cafa3dd0f7af8533a.js.map","cc4770696be70ff31c918c7c3761947ab504679b-8d1e48908d0ab9bca9b3.js","cc4770696be70ff31c918c7c3761947ab504679b-8d1e48908d0ab9bca9b3.js.map","component---src-pages-registered-js-b32f1420ff688bfaaa13.js","component---src-pages-registered-js-b32f1420ff688bfaaa13.js.map"],"children":{},"childAssets":{}},"component---src-pages-remind-password-js":{"chunks":[1,4,0,2,3,16],"assets":["styles.5aac242282844b029b3c.css","styles-e9d24b1846c7d6eb9685.js","styles-e9d24b1846c7d6eb9685.js.map","cb1608f2-8a3ebd0eb5ad821ce6cc.js","cb1608f2-8a3ebd0eb5ad821ce6cc.js.map","commons-327cafa3dd0f7af8533a.js","commons-327cafa3dd0f7af8533a.js.map","cc4770696be70ff31c918c7c3761947ab504679b-8d1e48908d0ab9bca9b3.js","cc4770696be70ff31c918c7c3761947ab504679b-8d1e48908d0ab9bca9b3.js.map","65f22d928ceb26b755ec5b32e519f616ae65d8e4-92c3c2779e282caf19c0.js","65f22d928ceb26b755ec5b32e519f616ae65d8e4-92c3c2779e282caf19c0.js.map","component---src-pages-remind-password-js-bc61c2524a6d2529d88b.js","component---src-pages-remind-password-js-bc61c2524a6d2529d88b.js.map"],"children":{},"childAssets":{}},"component---src-pages-reset-password-js":{"chunks":[1,4,0,2,3,17],"assets":["styles.5aac242282844b029b3c.css","styles-e9d24b1846c7d6eb9685.js","styles-e9d24b1846c7d6eb9685.js.map","cb1608f2-8a3ebd0eb5ad821ce6cc.js","cb1608f2-8a3ebd0eb5ad821ce6cc.js.map","commons-327cafa3dd0f7af8533a.js","commons-327cafa3dd0f7af8533a.js.map","cc4770696be70ff31c918c7c3761947ab504679b-8d1e48908d0ab9bca9b3.js","cc4770696be70ff31c918c7c3761947ab504679b-8d1e48908d0ab9bca9b3.js.map","65f22d928ceb26b755ec5b32e519f616ae65d8e4-92c3c2779e282caf19c0.js","65f22d928ceb26b755ec5b32e519f616ae65d8e4-92c3c2779e282caf19c0.js.map","component---src-pages-reset-password-js-f4950e3d54b802bda108.js","component---src-pages-reset-password-js-f4950e3d54b802bda108.js.map"],"children":{},"childAssets":{}},"component---src-pages-settings-js":{"chunks":[1,0,2,18],"assets":["styles.5aac242282844b029b3c.css","styles-e9d24b1846c7d6eb9685.js","styles-e9d24b1846c7d6eb9685.js.map","commons-327cafa3dd0f7af8533a.js","commons-327cafa3dd0f7af8533a.js.map","cc4770696be70ff31c918c7c3761947ab504679b-8d1e48908d0ab9bca9b3.js","cc4770696be70ff31c918c7c3761947ab504679b-8d1e48908d0ab9bca9b3.js.map","component---src-pages-settings-js-cc85bc1ee5f07ba640ca.js","component---src-pages-settings-js-cc85bc1ee5f07ba640ca.js.map"],"children":{},"childAssets":{}},"component---src-pages-using-typescript-tsx":{"chunks":[1,0,19],"assets":["styles.5aac242282844b029b3c.css","styles-e9d24b1846c7d6eb9685.js","styles-e9d24b1846c7d6eb9685.js.map","commons-327cafa3dd0f7af8533a.js","commons-327cafa3dd0f7af8533a.js.map","component---src-pages-using-typescript-tsx-15ae339f936f0f05ddaf.js","component---src-pages-using-typescript-tsx-15ae339f936f0f05ddaf.js.map"],"children":{},"childAssets":{}}},"assetsByChunkName":{"polyfill":["webpack-runtime-40a62fbe89e4c2b82687.js","polyfill-334271fe1db4eee9b348.js"],"app":["webpack-runtime-40a62fbe89e4c2b82687.js","framework-aad5b025b9e173e1e8c7.js","app-c5d884651f1f6eab6bdb.js"],"component---src-pages-404-js":["styles.5aac242282844b029b3c.css","styles-e9d24b1846c7d6eb9685.js","commons-327cafa3dd0f7af8533a.js","component---src-pages-404-js-882d304e14c261bae533.js"],"component---src-pages-activated-account-js":["styles.5aac242282844b029b3c.css","styles-e9d24b1846c7d6eb9685.js","commons-327cafa3dd0f7af8533a.js","cc4770696be70ff31c918c7c3761947ab504679b-8d1e48908d0ab9bca9b3.js","component---src-pages-activated-account-js-99c628f25872a7d50123.js"],"component---src-pages-api-authenticate-js":["styles.5aac242282844b029b3c.css","styles-e9d24b1846c7d6eb9685.js","cb1608f2-8a3ebd0eb5ad821ce6cc.js","commons-327cafa3dd0f7af8533a.js","cc4770696be70ff31c918c7c3761947ab504679b-8d1e48908d0ab9bca9b3.js","65f22d928ceb26b755ec5b32e519f616ae65d8e4-92c3c2779e282caf19c0.js","component---src-pages-api-authenticate-js-0a5bc53658db442cdcff.js"],"component---src-pages-app-profile-js":["styles.5aac242282844b029b3c.css","styles-e9d24b1846c7d6eb9685.js","commons-327cafa3dd0f7af8533a.js","cc4770696be70ff31c918c7c3761947ab504679b-8d1e48908d0ab9bca9b3.js","component---src-pages-app-profile-js-905f80ee3eae928888b9.js"],"component---src-pages-changed-password-js":["styles.5aac242282844b029b3c.css","styles-e9d24b1846c7d6eb9685.js","commons-327cafa3dd0f7af8533a.js","cc4770696be70ff31c918c7c3761947ab504679b-8d1e48908d0ab9bca9b3.js","component---src-pages-changed-password-js-927b29a00e58f1601425.js"],"component---src-pages-check-mail-js":["styles.5aac242282844b029b3c.css","styles-e9d24b1846c7d6eb9685.js","commons-327cafa3dd0f7af8533a.js","cc4770696be70ff31c918c7c3761947ab504679b-8d1e48908d0ab9bca9b3.js","component---src-pages-check-mail-js-478d08dbf329842ad493.js"],"component---src-pages-index-js":["styles.5aac242282844b029b3c.css","styles-e9d24b1846c7d6eb9685.js","commons-327cafa3dd0f7af8533a.js","cc4770696be70ff31c918c7c3761947ab504679b-8d1e48908d0ab9bca9b3.js","component---src-pages-index-js-644c70dd1497366ae7e3.js"],"component---src-pages-register-js":["styles.5aac242282844b029b3c.css","styles-e9d24b1846c7d6eb9685.js","cb1608f2-8a3ebd0eb5ad821ce6cc.js","commons-327cafa3dd0f7af8533a.js","cc4770696be70ff31c918c7c3761947ab504679b-8d1e48908d0ab9bca9b3.js","65f22d928ceb26b755ec5b32e519f616ae65d8e4-92c3c2779e282caf19c0.js","component---src-pages-register-js-95493e1a103a59187f62.js"],"component---src-pages-registered-js":["styles.5aac242282844b029b3c.css","styles-e9d24b1846c7d6eb9685.js","commons-327cafa3dd0f7af8533a.js","cc4770696be70ff31c918c7c3761947ab504679b-8d1e48908d0ab9bca9b3.js","component---src-pages-registered-js-b32f1420ff688bfaaa13.js"],"component---src-pages-remind-password-js":["styles.5aac242282844b029b3c.css","styles-e9d24b1846c7d6eb9685.js","cb1608f2-8a3ebd0eb5ad821ce6cc.js","commons-327cafa3dd0f7af8533a.js","cc4770696be70ff31c918c7c3761947ab504679b-8d1e48908d0ab9bca9b3.js","65f22d928ceb26b755ec5b32e519f616ae65d8e4-92c3c2779e282caf19c0.js","component---src-pages-remind-password-js-bc61c2524a6d2529d88b.js"],"component---src-pages-reset-password-js":["styles.5aac242282844b029b3c.css","styles-e9d24b1846c7d6eb9685.js","cb1608f2-8a3ebd0eb5ad821ce6cc.js","commons-327cafa3dd0f7af8533a.js","cc4770696be70ff31c918c7c3761947ab504679b-8d1e48908d0ab9bca9b3.js","65f22d928ceb26b755ec5b32e519f616ae65d8e4-92c3c2779e282caf19c0.js","component---src-pages-reset-password-js-f4950e3d54b802bda108.js"],"component---src-pages-settings-js":["styles.5aac242282844b029b3c.css","styles-e9d24b1846c7d6eb9685.js","commons-327cafa3dd0f7af8533a.js","cc4770696be70ff31c918c7c3761947ab504679b-8d1e48908d0ab9bca9b3.js","component---src-pages-settings-js-cc85bc1ee5f07ba640ca.js"],"component---src-pages-using-typescript-tsx":["styles.5aac242282844b029b3c.css","styles-e9d24b1846c7d6eb9685.js","commons-327cafa3dd0f7af8533a.js","component---src-pages-using-typescript-tsx-15ae339f936f0f05ddaf.js"]}}