[{
  "_id": {
    "$oid": "6004a9710ee070291cce1af3"
  },
  "userId": "1610915460162t8961837167330171r",
  "id":"1610968295572t33409848850814305r", 
  "lecturer": {
    "id": "1610830929204t4742033775315271r",
    "name": "wlasciciel",
    "surname": "platformy",
    "email": "adambrzuchowo@gmail.com",
    "login": "adam",
    "password": "123",
    "activated": true,
    "avatar": "/media/image/avatarDefault.jpg",
    "createdDatetime": 1610830929204
  },
  "date": 1610918226702,
  "description": "nowa ocena dostales 4.",
  "value": "4",
  "groupId": "1610892057259t5938412887385769r"
},{
  "_id": {
    "$oid": "6004a9c80ee070291cce1af4"
  },
  "id":"1610968310799t30372294115099296r", 
  "userId": "1610915460162t8961837167330171r",
  "lecturer": {
    "id": "1610830929204t4742033775315271r",
    "name": "wlasciciel",
    "surname": "platformy",
    "email": "adambrzuchowo@gmail.com",
    "login": "adam",
    "password": "123",
    "activated": true,
    "avatar": "/media/image/avatarDefault.jpg",
    "createdDatetime": 1610830929204
  },
  "date": 1610918341753,
  "description": "twoja ocena z ostatniego sprawdzianu - 2.",
  "value": "2",
  "groupId": "1610892057259t5938412887385769r"
},{
  "_id": {
    "$oid": "6004aa020ee070291cce1af5"
  },
  "id":"1610968318500t4424926531511133r", 
  "userId": "1610915462923t7677269850213602r",
  "lecturer": {
    "id": "1610830929204t4742033775315271r",
    "name": "wlasciciel",
    "surname": "platformy",
    "email": "adambrzuchowo@gmail.com",
    "login": "adam",
    "password": "123",
    "activated": true,
    "avatar": "/media/image/avatarDefault.jpg",
    "createdDatetime": 1610830929204
  },
  "date": 1610918397955,
  "description": "TY DZBANIE !!!",
  "value": "1",
  "groupId": "1610892057259t5938412887385769r"
},{
  "_id": {
    "$oid": "6004aa2c0ee070291cce1af6"
  },
  "id":"1610968329344t34322159521021844r", 
  "userId": "1610915462923t7677269850213602r",
  "lecturer": {
    "id": "1610830929204t4742033775315271r",
    "name": "wlasciciel",
    "surname": "platformy",
    "email": "adambrzuchowo@gmail.com",
    "login": "adam",
    "password": "123",
    "activated": true,
    "avatar": "/media/image/avatarDefault.jpg",
    "createdDatetime": 1610830929204
  },
  "date": 1610918444846,
  "description": "Ales ty glupi.",
  "value": "2",
  "groupId": "1610892057259t5938412887385769r"
},{
  "_id": {
    "$oid": "6004aa3b0ee070291cce1af7"
  },
  "id":"1610968336141t9624894638542043r", 
  "userId": "1610915462923t7677269850213602r",
  "lecturer": {
    "id": "1610830929204t4742033775315271r",
    "name": "wlasciciel",
    "surname": "platformy",
    "email": "adambrzuchowo@gmail.com",
    "login": "adam",
    "password": "123",
    "activated": true,
    "avatar": "/media/image/avatarDefault.jpg",
    "createdDatetime": 1610830929204
  },
  "date": 1610918459900,
  "description": "Dobra coraz lepiej",
  "value": "3",
  "groupId": "1610892057259t5938412887385769r"
},{
  "_id": {
    "$oid": "6004aa570ee070291cce1af8"
  },
  "id":"1610968344485t01474149641332767r", 
  "userId": "1610915462923t7677269850213602r",
  "lecturer": {
    "id": "1610830929204t4742033775315271r",
    "name": "wlasciciel",
    "surname": "platformy",
    "email": "adambrzuchowo@gmail.com",
    "login": "adam",
    "password": "123",
    "activated": true,
    "avatar": "/media/image/avatarDefault.jpg",
    "createdDatetime": 1610830929204
  },
  "date": 1610918487525,
  "description": "I znow to samo. ",
  "value": "1",
  "groupId": "1610892057259t5938412887385769r"
},{
  "_id": {
    "$oid": "6004aa6b0ee070291cce1af9"
  },
  "id":"1610968355131t9338636522632413r", 
  "userId": "1610915460162t8961837167330171r",
  "lecturer": {
    "id": "1610830929204t4742033775315271r",
    "name": "wlasciciel",
    "surname": "platformy",
    "email": "adambrzuchowo@gmail.com",
    "login": "adam",
    "password": "123",
    "activated": true,
    "avatar": "/media/image/avatarDefault.jpg",
    "createdDatetime": 1610830929204
  },
  "date": 1610918507846,
  "description": "Dobrze sie nauczyles ",
  "value": "5",
  "groupId": "1610892057259t5938412887385769r"
},{
  "_id": {
    "$oid": "6004ace5b5045926502ea83d"
  },

  "id":"1610968363091t12722620939572038r", 
  "userId": "1610915462923t30516209506744674r",
  "lecturer": {
    "id": "1610891926267t6775816449383387r",
    "name": "wlasciciel",
    "surname": "podstawowki",
    "email": "adambrzuchowo@gmail.com",
    "login": "poi",
    "password": "poi",
    "activated": true,
    "avatar": "/media/image/avatarDefault.jpg",
    "createdDatetime": 1610891926267
  },
  "date": 1610919141734,
  "description": "Bardzo dobrze",
  "value": "5",
  "groupId": "1610892057259t593844333255769r"
},{
  "_id": {
    "$oid": "6004acf0b5045926502ea83e"
  },
  "userId": "1610915462923t30516209506744674r",
  "id":"1610968372268t2597205107981144r", 
  "lecturer": {
    "id": "1610891926267t6775816449383387r",
    "name": "wlasciciel",
    "surname": "podstawowki",
    "email": "adambrzuchowo@gmail.com",
    "login": "poi",
    "password": "poi",
    "activated": true,
    "avatar": "/media/image/avatarDefault.jpg",
    "createdDatetime": 1610891926267
  },
  "date": 1610919152684,
  "description": "Tak trzymaj",
  "value": "5",
  "groupId": "1610892057259t593844333255769r"
},{
  "_id": {
    "$oid": "6004ad02b5045926502ea83f"
  },
  "id":"1610968378471t44845605647944176r", 
  "userId": "1610915462923t30516209506744674r",
  "lecturer": {
    "id": "1610891926267t6775816449383387r",
    "name": "wlasciciel",
    "surname": "podstawowki",
    "email": "adambrzuchowo@gmail.com",
    "login": "poi",
    "password": "poi",
    "activated": true,
    "avatar": "/media/image/avatarDefault.jpg",
    "createdDatetime": 1610891926267
  },
  "date": 1610919170832,
  "description": "Było trudniej niż zazwyczaj, ale poradziłeś sobie doskonale",
  "value": "5",
  "groupId": "1610892057259t593844333255769r"
},{
  "_id": {
    "$oid": "6004ad26b5045926502ea840"
  },
  "id":"1610968382867t2538706587197168r",
  "userId": "1610915462923t30516209506744674r",
  "lecturer": {
    "id": "1610891926267t6775816449383387r",
    "name": "wlasciciel",
    "surname": "podstawowki",
    "email": "adambrzuchowo@gmail.com",
    "login": "poi",
    "password": "poi",
    "activated": true,
    "avatar": "/media/image/avatarDefault.jpg",
    "createdDatetime": 1610891926267
  },
  "date": 1610919206720,
  "description": "Troszkę gorzej, wierzę że następnym razem będzie lepeiej.",
  "value": "3",
  "groupId": "1610892057259t593844333255769r"
},{
  "_id": {
    "$oid": "6004ad6eb5045926502ea841"
  },
  "id":"1610968392001t44825497313900997r", 
  "userId": "1610915462923t30516209506744674r",
  "lecturer": {
    "id": "1610891926267t6775816449383387r",
    "name": "wlasciciel",
    "surname": "podstawowki",
    "email": "adambrzuchowo@gmail.com",
    "login": "poi",
    "password": "poi",
    "activated": true,
    "avatar": "/media/image/avatarDefault.jpg",
    "createdDatetime": 1610891926267
  },
  "date": 1610919278640,
  "description": "Doooobrze.",
  "value": "4",
  "groupId": "1610892057259t593844333255769r"
},{
  "_id": {
    "$oid": "6004ad9fb5045926502ea842"
  },
  "id":"1610968398030t936893208835264r",
  "userId": "1610915462923t8609123271987895r",
  "lecturer": {
    "id": "1610891926267t6775816449383387r",
    "name": "wlasciciel",
    "surname": "podstawowki",
    "email": "adambrzuchowo@gmail.com",
    "login": "poi",
    "password": "poi",
    "activated": true,
    "avatar": "/media/image/avatarDefault.jpg",
    "createdDatetime": 1610891926267
  },
  "date": 1610919327097,
  "description": "JEDEN - SIADAJ.",
  "value": "1",
  "groupId": "1610892057259t593844333255769r"
},{
  "_id": {
    "$oid": "6004adacb5045926502ea843"
  },
  "id":"1610968404914t5982012768419871r",
  "userId": "1610915462923t8609123271987895r",
  "lecturer": {
    "id": "1610891926267t6775816449383387r",
    "name": "wlasciciel",
    "surname": "podstawowki",
    "email": "adambrzuchowo@gmail.com",
    "login": "poi",
    "password": "poi",
    "activated": true,
    "avatar": "/media/image/avatarDefault.jpg",
    "createdDatetime": 1610891926267
  },
  "date": 1610919340905,
  "description": "Dalej nic się nie nauczyles",
  "value": "1",
  "groupId": "1610892057259t593844333255769r"
},{
  "_id": {
    "$oid": "6004adc8b5045926502ea844"
  },
  "id":"1610968411703t16329865120912013r", 
  "userId": "1610915462923t8609123271987895r",
  "lecturer": {
    "id": "1610891926267t6775816449383387r",
    "name": "wlasciciel",
    "surname": "podstawowki",
    "email": "adambrzuchowo@gmail.com",
    "login": "poi",
    "password": "poi",
    "activated": true,
    "avatar": "/media/image/avatarDefault.jpg",
    "createdDatetime": 1610891926267
  },
  "date": 1610919368065,
  "description": "Sciagałeś !!!",
  "value": "3",
  "groupId": "1610892057259t593844333255769r"
},{
  "_id": {
    "$oid": "6004add7b5045926502ea845"
  },
  "id":"1610968416434t3567399884293472r", 
  "userId": "1610915462923t8609123271987895r",
  "lecturer": {
    "id": "1610891926267t6775816449383387r",
    "name": "wlasciciel",
    "surname": "podstawowki",
    "email": "adambrzuchowo@gmail.com",
    "login": "poi",
    "password": "poi",
    "activated": true,
    "avatar": "/media/image/avatarDefault.jpg",
    "createdDatetime": 1610891926267
  },
  "date": 1610919383394,
  "description": "Powrót do normalności :)",
  "value": "1",
  "groupId": "1610892057259t593844333255769r"
},{
  "_id": {
    "$oid": "6004b97c4aa4bc23d8d09a57"
  },
  
 "id":"1610968426047t13566140092043044r", 
  "userId": "1610915462923t30516209506744674r",
  "lecturer": {
    "id": "1610915462923t98543558672r",
    "name": "GLOWA",
    "surname": "AMW",
    "email": "snieg.op@gmail.com",
    "login": "123",
    "password": "123",
    "activated": true,
    "avatar": "/media/image/avatarDefault.jpg",
    "createdDatetime": 1610915462923
  },
  "date": 1610922362321,
  "description": "Powrót do normalności :)",
  "value": "1",
  "groupId": "135482621320764t135482621320764r"
},{
  "_id": {
    "$oid": "6004b9904aa4bc23d8d09a58"
  },
  "userId": "1610915462923t30516209506744674r",
  "id":"1610968540068t10769608155786647r", 
  "lecturer": {
    "id": "1610915462923t98543558672r",
    "name": "GLOWA",
    "surname": "AMW",
    "email": "snieg.op@gmail.com",
    "login": "123",
    "password": "123",
    "activated": true,
    "avatar": "/media/image/avatarDefault.jpg",
    "createdDatetime": 1610915462923
  },
  "date": 1610922381348,
  "description": "Lepiej",
  "value": "4",
  "groupId": "135482621320764t135482621320764r"
},{
  "_id": {
    "$oid": "6004b99d4aa4bc23d8d09a59"
  },
  "userId": "1610915462923t30516209506744674r",
  "id":"1610968550717t16841340618691203r", 
  "lecturer": {
    "id": "1610915462923t98543558672r",
    "name": "GLOWA",
    "surname": "AMW",
    "email": "snieg.op@gmail.com",
    "login": "123",
    "password": "123",
    "activated": true,
    "avatar": "/media/image/avatarDefault.jpg",
    "createdDatetime": 1610915462923
  },
  "date": 1610922397902,
  "description": "barzo dobrze tak trzymaj",
  "value": "5",
  "groupId": "135482621320764t135482621320764r"
},{
  "_id": {
    "$oid": "6004b9a74aa4bc23d8d09a5a"
  },
  "id":"1610968558972t05008545348870741r", 
  "userId": "1610915462923t30516209506744674r",
  "lecturer": {
    "id": "1610915462923t98543558672r",
    "name": "GLOWA",
    "surname": "AMW",
    "email": "snieg.op@gmail.com",
    "login": "123",
    "password": "123",
    "activated": true,
    "avatar": "/media/image/avatarDefault.jpg",
    "createdDatetime": 1610915462923
  },
  "date": 1610922407343,
  "description": "PAŁA !",
  "value": "1",
  "groupId": "135482621320764t135482621320764r"
}
,{
  "_id": {
    "$oid": "6004b9a74aa4bc23d8d09a5a"
  },
  "id":"1610968610884t0393859361545581r",
  "userId": "24326067500170012t24326067500170012r",
  "lecturer": {
    "id": "1610915462923t98543558672r",
    "name": "GLOWA",
    "surname": "AMW",
    "email": "snieg.op@gmail.com",
    "login": "123",
    "password": "123",
    "activated": true,
    "avatar": "/media/image/avatarDefault.jpg",
    "createdDatetime": 1610915462923
  },
  "date": 1610922407343,
  "description": "dobry, proste tematy, moglo byc 5",
  "value": "4",
  "groupId": "135482621320764t135482621320764r"
}
,{
  "_id": {
    "$oid": "6004b9a74aa4bc23d8d09a5a"
  },
  "id":"1610968618745t0365886760895886r", 
  "userId": "24326067500170012t24326067500170012r",
  "lecturer": {
    "id": "1610915462923t98543558672r",
    "name": "GLOWA",
    "surname": "AMW",
    "email": "snieg.op@gmail.com",
    "login": "123",
    "password": "123",
    "activated": true,
    "avatar": "/media/image/avatarDefault.jpg",
    "createdDatetime": 1610915462923
  },
  "date": 1610922407343,
  "description": "Lepiej byc nie moglo ",
  "value": "5",
  "groupId": "135482621320764t135482621320764r"
}
,{
  "_id": {
    "$oid": "6004b9a74aa4bc23d8d09a5a"
  },
  "id":"1610968625419t8852541306565636r",
  "userId": "24326067500170012t24326067500170012r",
  "lecturer": {
    "id": "1610915462923t98543558672r",
    "name": "GLOWA",
    "surname": "AMW",
    "email": "snieg.op@gmail.com",
    "login": "123",
    "password": "123",
    "activated": true,
    "avatar": "/media/image/avatarDefault.jpg",
    "createdDatetime": 1610915462923
  },
  "date": 1610922407343,
  "description": "Lepiej byc nie moglo ",
  "value": "5",
  "groupId": "135482621320764t135482621320764r"
}
,{
  "_id": {
    "$oid": "6004b9a74aa4bc23d8d09a5a"
  },
  "userId": "24326067500170012t24326067500170012r",
  "id":"1610968634228t20418499397216028r", 
  "lecturer": {
    "id": "1610915462923t98543558672r",
    "name": "GLOWA",
    "surname": "AMW",
    "email": "snieg.op@gmail.com",
    "login": "123",
    "password": "123",
    "activated": true,
    "avatar": "/media/image/avatarDefault.jpg",
    "createdDatetime": 1610915462923
  },
  "date": 1610922407343,
  "description": "Troszkę bledow ale nie jest zle.",
  "value": "4",
  "groupId": "135482621320764t135482621320764r"
}


,{
  "_id": {
    "$oid": "6004b9a74aa4bc23d8d09a5a"
  },
  "userId": "24326067500170012t24326067500170012r",
  "lecturer": {
    "id": "1610891926267t10848534259660902r",
    "name": "nauczyciel",
    "surname": "Adam",
    "email": "adambrzuchowo@gmail.com",
    "login": "asd",
    "password": "asd",
    "activated": true,
    "avatar": "/media/image/avatarDefault.jpg",
    "createdDatetime": 1610891926267
  },
  "id":"1610968638113t5355034321325982r",
  "date": 1610922407343,
  "description": "Postaraj sie bardziej chemia nie jest w cale taka trudna.",
  "value": "2",
  "groupId": "135482621320764t135482621320764r"
}

,{
  "_id": {
    "$oid": "6004b9a74aa4bc23d8d09a5a"
  },
  "userId": "24326067500170012t24326067500170012r",
  "id":"1610968652580t10657771216077627r",
  "lecturer": {
    "id": "1610891926267t10848534259660902r",
    "name": "nauczyciel",
    "surname": "Adam",
    "email": "adambrzuchowo@gmail.com",
    "login": "asd",
    "password": "asd",
    "activated": true,
    "avatar": "/media/image/avatarDefault.jpg",
    "createdDatetime": 1610891926267
  },
  "date": 1610922407343,
  "description": "Lepiej lepiej, gdybyś bardziej sie skupil i nie robil glopich bledow byla by 4",
  "value": "3",
  "groupId": "135482621320764t135482621320764r"
}

,{
  "_id": {
    "$oid": "6004b9a74aa4bc23d8d09a5a"
  },
  "userId": "24326067500170012t24326067500170012r",
  "lecturer": {
    "id": "1610891926267t10848534259660902r",
    "name": "nauczyciel",
    "surname": "Adam",
    "email": "adambrzuchowo@gmail.com",
    "login": "asd",
    "password": "asd",
    "activated": true,
    "avatar": "/media/image/avatarDefault.jpg",
    "createdDatetime": 1610891926267
  },
  "id":"1610968664300t8295839158849412r",
  "date": 1610922407343,
  "description": "",
  "value": "2",
  "groupId": "135482621320764t135482621320764r"
}
]