[{
  "_id": {
    "$oid": "60040dc43b56b12a6cc7c010"
  },
  "id": "1610878404386t3714100488989107r",
  "owner": {
    "id": "1610830929204t4742033775315271r",
    "name": "wlasciciel",
    "surname": "platformy",
    "email": "adambrzuchowo@gmail.com",
    "login": "adam",
    "password": "123",
    "activated": true,
    "avatar": "/media/image/avatarDefault.jpg",
    "createdDatetime": 1610830929204
  },
  "created": 1610878404386,
  "administrator": {
    "id": "1610830929204t4742033775315271r",
    "name": "wlasciciel",
    "surname": "platformy",
    "email": "adambrzuchowo@gmail.com",
    "login": "adam",
    "password": "123",
    "activated": true,
    "avatar": "/media/image/avatarDefault.jpg",
    "createdDatetime": 1610830929204
  },
  "name": "ZSLIT Tuchola",
  "membersIds": [
    "1610830929204t4742033775315271r",
    "1610915460162t8961837167330171r",
    "1610915462923t7677269850213602r",
    "1610891926267t8258813502551035r",
    "1610915462923t98543558672r",
    "1610915462923t96781562378426r",
    "1610915462923t785453286492r" ,
    "24326067500170012t24326067500170012r"
  ]
},{
  "_id": {
    "$oid": "60040dc43b56b12a6cc7c012"
  },
  "id": "1610878404386t6775816449383387r",
  "owner": {
    "id": "1610891926267t6775816449383387r",
    "name": "wlasciciel",
    "surname": "podstawowki",
    "email": "adambrzuchowo@gmail.com",
    "login": "poi",
    "password": "poi",
    "activated": true,
    "avatar": "/media/image/avatarDefault.jpg",
    "createdDatetime": 1610891926267
  },
  "created": 1610878404386,
  "administrator": {
    "id": "1610891926267t42926231138044657r",
    "name": "wlasciciel",
    "surname": "podstawowki",
    "email": "adambrzuchowo@gmail.com",
    "login": "poi",
    "password": "poi",
    "activated": true,
    "avatar": "/media/image/avatarDefault.jpg",
    "createdDatetime": 1610891926267
  },
  "name": "SP3 Tuchola",
  "membersIds": [
    "1610891926267t42926231138044657r",
    "1610915462923t30516209506744674r",
    "1610915462923t8609123271987895r",
    "1610915462923t785453286492r",
    "24326067500170012t24326067500170012r"
  ]
}]