[{
  "_id": {
    "$oid": "60035451079be810d88534b0"
  },
  "id": "1610830929204t4742033775315271r",
  "name": "wlasciciel",
  "surname": "platformy",
  "email": "adambrzuchowo@gmail.com",
  "login": "adam",
  "password": "123",
  "activated": true,
  "avatar": "/media/image/avatarDefault.jpg",
  "createdDatetime": 1610830929204
},{
  "_id": {
    "$oid": "60044296a7da1b283008f6d3"
  },
  "id": "1610891926267t6775816449383387r",
  "name": "wlasciciel",
  "surname": "podstawowki",
  "email": "adambrzuchowo@gmail.com",
  "login": "poi",
  "password": "poi",
  "activated": true,
  "avatar": "/media/image/avatarDefault.jpg",
  "createdDatetime": 1610891926267
},{
  "_id": {
    "$oid": "60044296a7da1b283008f6dc"
  },
  "id": "1610891926267t8258813502551035r",
  "name": "nauczyciel",
  "surname": "fizyki",
  "email": "adambrzuchowo@gmail.com",
  "login": "asd",
  "password": "asd",
  "activated": true,
  "avatar": "/media/image/avatarDefault.jpg",
  "createdDatetime": 1610891926267
},{
  "_id": {
    "$oid": "60049e84c48dc3222cf85b59"
  },
  "id": "1610915460162t8961837167330171r",
  "name": "uczen_1",
  "surname": "technikum",
  "email": "adam.szr@gmail.com",
  "login": "qwe",
  "password": "qwe",
  "activated": true,
  "avatar": "/media/image/avatarDefault.jpg",
  "createdDatetime": 1610915460162
},{
  "_id": {
    "$oid": "60049e86c48dc3222cf85b5a"
  },
  "id": "1610915462923t7677269850213602r",
  "name": "uczen_2",
  "surname": "zawodowka",
  "email": "snieg.op@gmail.com",
  "login": "zxc",
  "password": "zxc",
  "activated": true,
  "avatar": "/media/image/avatarDefault.jpg",
  "createdDatetime": 1610915462923
},{
  "_id": {
    "$oid": "60049e86c48dc3222cf85b5b"
  },
  "id": "1610915462923t30516209506744674r",
  "name": "uczen_3",
  "surname": "2przedszkolak",
  "email": "snieg.op@gmail.com",
  "login": "lkj",
  "password": "lkj",
  "activated": true,
  "avatar": "/media/image/avatarDefault.jpg",
  "createdDatetime": 1610915462923
},{
  "_id": {
    "$oid": "60049e86c48dc3222cf85b5c"
  },
  "id": "1610915462923t98543558672r",
  "name": "GLOWA",
  "surname": "AMW",
  "email": "snieg.op@gmail.com",
  "login": "123",
  "password": "123",
  "activated": true,
  "avatar": "/media/image/avatarDefault.jpg",
  "createdDatetime": 1610915462923
},{
  "_id": {
    "$oid": "60049e86c48dc3222cf85b5d"
  },
  "id": "1610915462923t96781562378426r",
  "name": "amw",
  "surname": "studentInformatyki",
  "email": "snieg.op@gmail.com",
  "login": "321",
  "password": "321",
  "activated": true,
  "avatar": "/media/image/avatarDefault.jpg",
  "createdDatetime": 1610915462923
},{
  "_id": {
    "$oid": "60049e86c48dc3222cf85b5e"
  },
  "id": "1610915462923t785453286492r",
  "name": "amw",
  "surname": "niskistudent",
  "email": "snieg.op@gmail.com",
  "login": "098",
  "password": "098",
  "activated": true,
  "avatar": "/media/image/avatarDefault.jpg",
  "createdDatetime": 1610915462923
},{
  "_id": {
    "$oid": "60049e86c48dc3222cf85b5e"
  },
  "id": "24326067500170012t24326067500170012r",
  "name": "janek",
  "surname": "niskistudent",
  "email": "snieg.op@gmail.com",
  "login": "258",
  "password": "258",
  "activated": true,
  "avatar": "/media/image/avatarDefault.jpg",
  "createdDatetime": 1610915462923
}
]